-- phpMyAdmin SQL Dump
-- version 5.2.1
-- https://www.phpmyadmin.net/
--
-- Servidor: 127.0.0.1
-- Tiempo de generación: 16-10-2023 a las 22:35:44
-- Versión del servidor: 10.4.28-MariaDB
-- Versión de PHP: 8.2.4

SET SQL_MODE = "NO_AUTO_VALUE_ON_ZERO";
START TRANSACTION;
SET time_zone = "+00:00";


/*!40101 SET @OLD_CHARACTER_SET_CLIENT=@@CHARACTER_SET_CLIENT */;
/*!40101 SET @OLD_CHARACTER_SET_RESULTS=@@CHARACTER_SET_RESULTS */;
/*!40101 SET @OLD_COLLATION_CONNECTION=@@COLLATION_CONNECTION */;
/*!40101 SET NAMES utf8mb4 */;

--
-- Base de datos: `tpe-2`
--

-- --------------------------------------------------------

--
-- Estructura de tabla para la tabla `categoria`
--

CREATE TABLE `categoria` (
  `CategoriaID` int(11) NOT NULL,
  `Nombre` varchar(255) NOT NULL
) ENGINE=InnoDB DEFAULT CHARSET=utf8mb4 COLLATE=utf8mb4_general_ci;

--
-- Volcado de datos para la tabla `categoria`
--

INSERT INTO `categoria` (`CategoriaID`, `Nombre`) VALUES
(1, 'Partes de arriba'),
(2, 'Partes de abajo'),
(3, 'Calzado'),
(4, 'Accesorios'),
(7, 'hola');

-- --------------------------------------------------------

--
-- Estructura de tabla para la tabla `producto`
--

CREATE TABLE `producto` (
  `ProductoID` int(11) NOT NULL,
  `Nombre` varchar(255) NOT NULL,
  `Descripcion` text DEFAULT NULL,
  `Precio` decimal(10,2) NOT NULL,
  `CategoriaID` int(11) DEFAULT NULL
) ENGINE=InnoDB DEFAULT CHARSET=utf8mb4 COLLATE=utf8mb4_general_ci;

--
-- Volcado de datos para la tabla `producto`
--

INSERT INTO `producto` (`ProductoID`, `Nombre`, `Descripcion`, `Precio`, `CategoriaID`) VALUES
(12, 'Jean mom', 'Negro, 42', 27000.00, 2),
(17, 'Jean Oxford', 'Negro, 38', 27000.00, 2),
(18, 'Pantalón cargo', 'Crudo, 40', 27000.00, 2),
(19, 'Mochila', 'Negro', 18000.00, 4),
(20, 'Gorro beanie', 'Blanco', 15000.00, 4),
(21, 'Zapatillas de lona', 'Rojo, 36', 30000.00, 3),
(22, 'Mocasines', 'Marrón, 42', 35000.00, 3),
(30, 'Camisa', 'Blanca, XS', 15000.00, 1),
(31, 'Buzo', 'Rojo, M', 20000.00, 1),
(32, 'AAAAAAAAAAAAAA', 'klñgañgm', 12121212.00, 7);

-- --------------------------------------------------------

--
-- Estructura de tabla para la tabla `usuarios`
--

CREATE TABLE `usuarios` (
  `id` int(11) NOT NULL,
  `usuario` varchar(255) NOT NULL,
  `password` varchar(255) NOT NULL
) ENGINE=InnoDB DEFAULT CHARSET=utf8mb4 COLLATE=utf8mb4_general_ci;

--
-- Volcado de datos para la tabla `usuarios`
--

INSERT INTO `usuarios` (`id`, `usuario`, `password`) VALUES
(1, 'annitaknell@hotmail.com', 'zsxvbbfd'),
(5, 'anna', '1234567'),
(6, 'admin', 'admin'),
(7, 'webadmin', '$2y$10$meOJ2PSOLv1iU1lnr2U7yu0BQXWzBG/N3XN8kQAAc0cW4tFyajU/G');

--
-- Índices para tablas volcadas
--

--
-- Indices de la tabla `categoria`
--
ALTER TABLE `categoria`
  ADD PRIMARY KEY (`CategoriaID`);

--
-- Indices de la tabla `producto`
--
ALTER TABLE `producto`
  ADD PRIMARY KEY (`ProductoID`),
  ADD KEY `CategoriaID` (`CategoriaID`);

--
-- Indices de la tabla `usuarios`
--
ALTER TABLE `usuarios`
  ADD PRIMARY KEY (`id`),
  ADD UNIQUE KEY `email` (`usuario`);

--
-- AUTO_INCREMENT de las tablas volcadas
--

--
-- AUTO_INCREMENT de la tabla `categoria`
--
ALTER TABLE `categoria`
  MODIFY `CategoriaID` int(11) NOT NULL AUTO_INCREMENT, AUTO_INCREMENT=8;

--
-- AUTO_INCREMENT de la tabla `producto`
--
ALTER TABLE `producto`
  MODIFY `ProductoID` int(11) NOT NULL AUTO_INCREMENT, AUTO_INCREMENT=33;

--
-- AUTO_INCREMENT de la tabla `usuarios`
--
ALTER TABLE `usuarios`
  MODIFY `id` int(11) NOT NULL AUTO_INCREMENT, AUTO_INCREMENT=8;

--
-- Restricciones para tablas volcadas
--

--
-- Filtros para la tabla `producto`
--
ALTER TABLE `producto`
  ADD CONSTRAINT `producto_ibfk_1` FOREIGN KEY (`CategoriaID`) REFERENCES `categoria` (`CategoriaID`),
  ADD CONSTRAINT `producto_ibfk_2` FOREIGN KEY (`CategoriaID`) REFERENCES `categoria` (`CategoriaID`) ON DELETE CASCADE;
COMMIT;

/*!40101 SET CHARACTER_SET_CLIENT=@OLD_CHARACTER_SET_CLIENT */;
/*!40101 SET CHARACTER_SET_RESULTS=@OLD_CHARACTER_SET_RESULTS */;
/*!40101 SET COLLATION_CONNECTION=@OLD_COLLATION_CONNECTION */;
